customer_id,loan_type,income,customer_tenure,clv,retention_score,service_quality_index,predicted_leave_probability,leave_risk_segment,app_rating_score,resolution_days,has_relationship_manager,servqual_reliability,servqual_responsiveness,servqual_assurance,servqual_empathy,servqual_tangibles,recommended_action
11156,Home,31578,0,14210.1,64.85,0.23649352914908603,0.9976109655850202,Critical,4,10,0,0.28989188816967265,0.0,0.2259090909090909,0,0.6666666666666666,Assign relationship manager and call within 24 hours
14340,Personal,31708,0,14268.6,65.76,0.2532510909953416,0.9970363366516339,Critical,4,8,0,0.3537302024514556,0.2222222222222222,0.023636363636363636,0,0.6666666666666666,Assign relationship manager and call within 24 hours
7221,Personal,37650,1,16942.5,63.11,0.22963125261706746,0.9970168537627144,Critical,4,9,0,0.33219666712574125,0.11111111111111116,0.038181818181818185,0,0.6666666666666666,Assign relationship manager and call within 24 hours
10783,Home,25729,0,11578.05,63.68,0.1753420557315338,0.9964306924205149,Critical,3,10,0,0.26837694532433576,0.0,0.275,0,0.3333333333333333,Assign relationship manager and call within 24 hours
13563,Personal,54675,1,24603.75,65.2,0.1848011613170682,0.9961387447394443,Critical,3,8,0,0.3411775237570581,0.2222222222222222,0.02727272727272727,0,0.3333333333333333,Assign relationship manager and call within 24 hours
10410,Two Wheeler,27183,1,12232.35,65.46,0.27313620435174,0.9957711272575679,Critical,4,9,0,0.2974486985263767,0.11111111111111116,0.29045454545454547,0,0.6666666666666666,Assign relationship manager and call within 24 hours
17909,Personal,68629,0,30883.05,65.08,0.25169146359616007,0.9957483310724032,Critical,4,8,0,0.33320479272827497,0.2222222222222222,0.03636363636363636,0,0.6666666666666666,Assign relationship manager and call within 24 hours
1480,Home,30842,0,13878.9,63.59,0.2636976332669767,0.9954836437797173,Critical,4,10,0,0.375912408759126,0.0,0.2759090909090909,0,0.6666666666666666,Assign relationship manager and call within 24 hours
2160,Personal,43393,3,58580.55,64.31,0.2740840313338594,0.9952307751203602,Critical,4,10,0,0.2546625809117212,0.0,0.4490909090909091,0,0.6666666666666666,Assign relationship manager and call within 24 hours
6478,Two Wheeler,55017,1,24757.65,67.96,0.2530271395959322,0.994750241201466,Critical,4,10,0,0.3298326676766308,0.0,0.2686363636363637,0,0.6666666666666666,Assign relationship manager and call within 24 hours
18686,Personal,75308,1,33888.6,66.56,0.2924721098883059,0.9946014846391295,Critical,4,8,0,0.3657443878253677,0.2222222222222222,0.20772727272727273,0,0.6666666666666666,Assign relationship manager and call within 24 hours
10001,Two Wheeler,30013,0,13505.85,65.31,0.259599875632791,0.9944537964069706,Critical,3,7,0,0.4045145296791066,0.33333333333333337,0.2268181818181818,0,0.3333333333333333,Assign relationship manager and call within 24 hours
13717,Old Car,32708,4,58874.4,67.46,0.25715964214518156,0.9943394126504583,Critical,4,9,0,0.26665679658449365,0.11111111111111116,0.24136363636363636,0,0.6666666666666666,Assign relationship manager and call within 24 hours
13618,Home,37358,1,16811.1,62.9,0.14340766291200102,0.9942984300705382,Critical,3,9,0,0.25350296102465153,0.11111111111111116,0.019090909090909092,0,0.3333333333333333,Assign relationship manager and call within 24 hours
17097,Personal,65763,0,29593.35,64.2,0.21218036166652032,0.9942527916537565,Critical,4,10,0,0.3578715053022987,0.0,0.03636363636363636,0,0.6666666666666666,Assign relationship manager and call within 24 hours
998,Home,47255,5,106323.75,67.7,0.26591950492391225,0.9942051145762468,Critical,4,9,0,0.26863792865996533,0.11111111111111116,0.2831818181818182,0,0.6666666666666666,Assign relationship manager and call within 24 hours
15239,Home,58227,1,26202.15,64.44,0.18433160137388227,0.9941246897147707,Critical,3,10,0,0.3478701280815325,0.0,0.24045454545454545,0,0.3333333333333333,Assign relationship manager and call within 24 hours
11936,Personal,33408,0,15033.6,64.48,0.24411260101357862,0.9939355356261158,Critical,3,8,0,0.43091654042142846,0.2222222222222222,0.23409090909090907,0,0.3333333333333333,Assign relationship manager and call within 24 hours
10192,Two Wheeler,33356,0,15010.2,66.47,0.2621314077282953,0.9937490839824655,Critical,3,7,0,0.35989946288390073,0.33333333333333337,0.28409090909090906,0,0.3333333333333333,Assign relationship manager and call within 24 hours
6213,Two Wheeler,69179,0,31130.55,66.64,0.25884072928708657,0.9936628643174702,Critical,4,8,0,0.3798602120919984,0.2222222222222222,0.025454545454545455,0,0.6666666666666666,Assign relationship manager and call within 24 hours
3179,Two Wheeler,43978,0,19790.1,63.97,0.219886088539993,0.9933869861112478,Critical,4,9,0,0.32165266492218714,0.11111111111111116,0.0,0,0.6666666666666666,Assign relationship manager and call within 24 hours
19030,Home,30976,1,13939.2,66.92,0.30215295775549195,0.9932772259148813,Critical,4,8,0,0.33596680897948017,0.2222222222222222,0.2859090909090909,0,0.6666666666666666,Assign relationship manager and call within 24 hours
4734,Home,83968,0,37785.6,66.0,0.283923498864141,0.9932382063874076,Critical,4,9,0,0.34865789836110905,0.11111111111111116,0.2931818181818182,0,0.6666666666666666,Assign relationship manager and call within 24 hours
17976,Personal,41339,3,55807.65,66.11,0.2874066265185947,0.9932287290930315,Critical,4,10,0,0.25945737501721605,0.0,0.510909090909091,0,0.6666666666666666,Assign relationship manager and call within 24 hours
1324,Home,32513,1,14630.85,65.45,0.25534298639890163,0.9931517460023557,Critical,4,10,0,0.3695937198732961,0.0,0.24045454545454545,0,0.6666666666666666,Assign relationship manager and call within 24 hours
19827,Home,70917,1,31912.65,65.85,0.21945002010185893,0.9930874975299616,Critical,3,8,0,0.3676036358628302,0.2222222222222222,0.17409090909090907,0,0.3333333333333333,Assign relationship manager and call within 24 hours
6893,Home,57177,1,25729.65,64.46,0.20521242587004912,0.992954002970123,Critical,4,10,0,0.33394091722903363,0.0,0.025454545454545455,0,0.6666666666666666,Assign relationship manager and call within 24 hours
147,New Car,46088,1,20739.6,66.08,0.2695979976044705,0.9927672722717983,Critical,3,7,0,0.39268695771932227,0.33333333333333337,0.28863636363636364,0,0.3333333333333333,Assign relationship manager and call within 24 hours
10834,Two Wheeler,84364,0,37963.8,67.3,0.28523881981918037,0.9927588045094254,Critical,4,9,0,0.3725072304090334,0.11111111111111116,0.2759090909090909,0,0.6666666666666666,Assign relationship manager and call within 24 hours
12151,Personal,44281,0,19926.45,68.01,0.3834939284039961,0.9926762946767849,Critical,3,8,1,0.3537322682826069,0.2222222222222222,0.008181818181818182,1,0.3333333333333333,Escalate service recovery and close complaint loop
12184,New Car,44107,1,19848.15,64.58,0.14213513596229516,0.9924520652833613,Critical,3,9,0,0.23623123536703128,0.11111111111111116,0.03,0,0.3333333333333333,Assign relationship manager and call within 24 hours
9194,Home,61596,1,27718.2,64.44,0.2184471794101321,0.9923279387646218,Critical,4,10,0,0.21238741220217558,0.0,0.2131818181818182,0,0.6666666666666666,Assign relationship manager and call within 24 hours
2335,Personal,21243,1,9559.35,65.47,0.27151606827119834,0.9923003589835716,Critical,4,8,0,0.27005508883073925,0.2222222222222222,0.19863636363636364,0,0.6666666666666666,Assign relationship manager and call within 24 hours
14976,New Car,22460,1,10107.0,62.61,0.11977507898152454,0.9922820807397411,Critical,3,10,0,0.25463297066519835,0.0,0.01090909090909091,0,0.3333333333333333,Assign relationship manager and call within 24 hours
9543,New Car,135945,8,489402.0,66.3,0.4369994073777298,0.992231489974383,Critical,4,10,1,0.2815121884038005,0.0,0.23681818181818182,1,0.6666666666666666,Escalate service recovery and close complaint loop
420,Two Wheeler,21806,2,19625.4,65.03,0.22776519220576508,0.9920983726741969,Critical,4,10,0,0.2935229307257951,0.0,0.17863636363636365,0,0.6666666666666666,Assign relationship manager and call within 24 hours
6890,Personal,55523,0,24985.35,63.16,0.32978912663336274,0.9920257607532005,Critical,3,10,1,0.2747032089243896,0.0,0.04090909090909091,1,0.3333333333333333,Escalate service recovery and close complaint loop
14852,Home,130626,4,235126.8,64.95,0.14180999778810036,0.9918021820448987,Critical,3,10,0,0.19708029197080487,0.0,0.17863636363636365,0,0.3333333333333333,Assign relationship manager and call within 24 hours
401,Personal,32815,2,29533.5,66.35,0.3298659880724336,0.991766165417725,Critical,3,10,1,0.28963297066519833,0.0,0.026363636363636363,1,0.3333333333333333,Escalate service recovery and close complaint loop
70,Personal,47238,0,21257.1,62.27,0.17150740986507418,0.9916104034234341,Critical,3,10,0,0.2810218978102195,0.0,0.24318181818181817,0,0.3333333333333333,Assign relationship manager and call within 24 hours
19646,Home,78070,0,35131.5,64.82,0.2829334649344289,0.9912586649868352,Critical,4,9,0,0.37188954689436654,0.11111111111111116,0.265,0,0.6666666666666666,Assign relationship manager and call within 24 hours
18725,New Car,42007,3,56709.45,65.81,0.23602231932324216,0.991251723532726,Critical,4,10,0,0.2948085663131806,0.0,0.21863636363636363,0,0.6666666666666666,Assign relationship manager and call within 24 hours
13166,Personal,22446,2,20201.4,66.32,0.244609228213828,0.9912477788964827,Critical,4,10,0,0.3050158380388371,0.0,0.25136363636363634,0,0.6666666666666666,Assign relationship manager and call within 24 hours
97,Two Wheeler,100110,0,45049.5,67.01,0.27469753449659795,0.9910626631406869,Critical,4,9,0,0.4061644401597574,0.11111111111111116,0.18954545454545454,0,0.6666666666666666,Assign relationship manager and call within 24 hours
638,New Car,48975,0,22038.75,65.56,0.3031812158216236,0.9910069842466168,Critical,4,8,0,0.4301990084010474,0.2222222222222222,0.19681818181818184,0,0.6666666666666666,Assign relationship manager and call within 24 hours
12448,Home,45657,1,20545.65,65.68,0.4811603307555658,0.9909396451193281,Critical,4,9,1,0.35666023963641513,0.11111111111111116,0.27136363636363636,1,0.6666666666666666,Escalate service recovery and close complaint loop
18484,Personal,74042,0,33318.9,65.06,0.25134494233061944,0.9909185730942822,Critical,4,8,0,0.33692673185511746,0.2222222222222222,0.03090909090909091,0,0.6666666666666666,Assign relationship manager and call within 24 hours
15541,Home,21890,1,9850.5,66.95,0.33268828346820356,0.9908919944640532,Critical,4,8,0,0.33364343754303805,0.2222222222222222,0.4409090909090909,0,0.6666666666666666,Assign relationship manager and call within 24 hours
8675,Two Wheeler,51084,0,22987.8,66.63,0.2819109285945812,0.9907322984256877,Critical,4,9,0,0.3649586833769466,0.11111111111111116,0.26681818181818184,0,0.6666666666666666,Assign relationship manager and call within 24 hours
10935,Two Wheeler,35117,0,15802.65,64.85,0.2603394431854703,0.9906853776374999,Critical,3,7,0,0.34821236744250295,0.33333333333333337,0.2868181818181818,0,0.3333333333333333,Assign relationship manager and call within 24 hours
19853,Personal,67172,0,30227.4,66.01,0.193703976829304,0.9906043987073714,Critical,2,7,0,0.4056410962677319,0.33333333333333337,0.22954545454545455,0,0.0,Assign relationship manager and call within 24 hours
18703,Home,36097,1,16243.65,66.71,0.21624495053829884,0.9905946405551087,Critical,3,9,0,0.409962126428868,0.11111111111111116,0.2268181818181818,0,0.3333333333333333,Assign relationship manager and call within 24 hours
19931,Personal,31837,1,14326.65,64.3,0.14651869055518704,0.9905115080269657,Critical,3,10,0,0.17153284671532926,0.0,0.22772727272727272,0,0.3333333333333333,Assign relationship manager and call within 24 hours
16729,Home,46348,0,20856.6,66.87,0.24076595871954667,0.9903974881828369,Critical,4,8,0,0.31403181379975365,0.2222222222222222,0.0009090909090909091,0,0.6666666666666666,Assign relationship manager and call within 24 hours
12820,Home,103415,0,46536.75,63.48,0.2093468300968643,0.9902330879965063,Critical,4,10,0,0.3500674838176549,0.0,0.03,0,0.6666666666666666,Assign relationship manager and call within 24 hours
4518,Personal,123213,1,55445.85,61.99,0.12459260974988835,0.9901855023906762,Critical,3,10,0,0.27326607905247213,0.0,0.016363636363636365,0,0.3333333333333333,Assign relationship manager and call within 24 hours
5890,Home,33792,0,15206.4,65.64,0.20176059868760648,0.9901782181700732,Critical,4,9,0,0.22193430656934554,0.11111111111111116,0.00909090909090909,0,0.6666666666666666,Assign relationship manager and call within 24 hours
3936,Two Wheeler,35876,6,96865.2,66.66,0.24599491262994916,0.9901726659490521,Critical,4,10,0,0.2846715328467154,0.0,0.2786363636363636,0,0.6666666666666666,Assign relationship manager and call within 24 hours
16136,Home,121778,5,274000.5,67.56,0.2290625967706263,0.9900430673843822,Critical,4,10,0,0.26273722627737395,0.0,0.2159090909090909,0,0.6666666666666666,Assign relationship manager and call within 24 hours
304,New Car,28116,2,25304.4,68.2,0.3314461054561595,0.9899460450703733,Critical,4,8,0,0.33470527475554496,0.2222222222222222,0.4336363636363636,0,0.6666666666666666,Assign relationship manager and call within 24 hours
16135,Two Wheeler,22237,0,10006.65,66.81,0.28496746698495784,0.9899450015692781,Critical,3,8,0,0.33928177936923376,0.2222222222222222,0.53,0,0.3333333333333333,Assign relationship manager and call within 24 hours
9646,Old Car,47118,3,63609.3,66.52,0.2812189141101139,0.9898807364133405,Critical,4,8,0,0.2767511362071352,0.2222222222222222,0.24045454545454545,0,0.6666666666666666,Assign relationship manager and call within 24 hours
1486,Personal,25557,3,34501.95,66.66,0.23486418933864234,0.9898582444643134,Critical,4,10,0,0.22992700729927235,0.0,0.2777272727272727,0,0.6666666666666666,Assign relationship manager and call within 24 hours
688,New Car,48371,1,21766.95,63.59,0.2096508828819807,0.9898439515348472,Critical,4,10,0,0.3379513841068733,0.0,0.04363636363636364,0,0.6666666666666666,Assign relationship manager and call within 24 hours
12379,New Car,33993,4,61187.4,66.86,0.30717540506288604,0.9897998870628255,Critical,4,9,0,0.32446288390028877,0.11111111111111116,0.4336363636363636,0,0.6666666666666666,Assign relationship manager and call within 24 hours
18619,Home,31523,1,14185.35,67.49,0.26198601077570954,0.9897597595979065,Critical,3,7,0,0.39280884175733544,0.33333333333333337,0.2504545454545455,0,0.3333333333333333,Assign relationship manager and call within 24 hours
12558,Two Wheeler,44942,0,20223.9,64.77,0.24902179347531214,0.9896143117291325,Critical,3,7,0,0.3788968461644397,0.33333333333333337,0.19954545454545453,0,0.3333333333333333,Assign relationship manager and call within 24 hours
1051,Home,53588,1,24114.6,65.48,0.46677013768034314,0.9896101591126342,Critical,4,10,1,0.2290022035532307,0.0,0.4381818181818182,1,0.6666666666666666,Escalate service recovery and close complaint loop
17916,Home,45451,2,40905.9,66.06,0.28896040698960435,0.9896071842856493,Critical,4,10,0,0.23722627737226423,0.0,0.5409090909090909,0,0.6666666666666666,Assign relationship manager and call within 24 hours
1743,New Car,23893,0,10751.85,67.21,0.26180822687695027,0.9895824686416964,Critical,4,8,0,0.4046977000413169,0.2222222222222222,0.015454545454545455,0,0.6666666666666666,Assign relationship manager and call within 24 hours
10109,Old Car,74044,0,33319.8,65.97,0.23137101910163457,0.9894447954293802,Critical,3,7,0,0.267006610659688,0.33333333333333337,0.22318181818181818,0,0.3333333333333333,Assign relationship manager and call within 24 hours
4912,Personal,46520,5,104670.0,66.89,0.21231882243450947,0.9894021980057228,Critical,4,10,0,0.22174562732406253,0.0,0.1731818181818182,0,0.6666666666666666,Assign relationship manager and call within 24 hours
4905,Home,60971,1,27436.95,65.34,0.4626144519148239,0.9893690864659415,Critical,4,8,1,0.24372882523068545,0.2222222222222222,0.18045454545454545,1,0.6666666666666666,Escalate service recovery and close complaint loop
13782,Two Wheeler,32974,2,29676.6,68.02,0.27819371097005074,0.9893375848136107,Critical,4,8,0,0.31162512050681945,0.2222222222222222,0.19045454545454546,0,0.6666666666666666,Assign relationship manager and call within 24 hours
10646,Old Car,58382,1,26271.9,65.28,0.23678890405222877,0.9892065024756109,Critical,3,8,0,0.436116237432861,0.2222222222222222,0.19227272727272726,0,0.3333333333333333,Assign relationship manager and call within 24 hours
13125,New Car,36159,3,48814.65,65.33,0.2300447944532782,0.9891914185401264,Critical,4,9,0,0.35062801267043125,0.11111111111111116,0.02181818181818182,0,0.6666666666666666,Assign relationship manager and call within 24 hours
11366,Personal,28182,4,50727.6,64.39,0.17084410278240317,0.9891788970069569,Critical,3,10,0,0.24406899876050056,0.0,0.27681818181818185,0,0.3333333333333333,Assign relationship manager and call within 24 hours
13663,Home,31876,1,14344.2,62.97,0.31223484118140543,0.9891601221183034,Critical,5,10,0,0.3752651149979362,0.0,0.1859090909090909,0,1.0,Assign relationship manager and call within 24 hours
10876,Personal,43497,0,19573.65,63.09,0.2162205000006955,0.9890936976389424,Critical,3,8,0,0.2941833080842857,0.2222222222222222,0.23136363636363638,0,0.3333333333333333,Assign relationship manager and call within 24 hours
9985,Home,48025,4,86445.0,68.75,0.2213449506774119,0.989051906462903,Critical,3,8,0,0.2716237432860493,0.2222222222222222,0.27954545454545454,0,0.3333333333333333,Assign relationship manager and call within 24 hours
14814,Home,36849,1,16582.05,64.26,0.30702421126288365,0.9890102502512196,Critical,4,9,0,0.272797823991186,0.11111111111111116,0.48454545454545456,0,0.6666666666666666,Assign relationship manager and call within 24 hours
12162,Home,96347,1,43356.15,69.23,0.31087985487710074,0.9889886163740843,Critical,4,8,0,0.3996012945875242,0.2222222222222222,0.2659090909090909,0,0.6666666666666666,Assign relationship manager and call within 24 hours
5326,New Car,34838,3,47031.3,68.85,0.29478601606201116,0.9888939468851955,Critical,4,8,0,0.280950282330258,0.2222222222222222,0.3040909090909091,0,0.6666666666666666,Assign relationship manager and call within 24 hours
7649,Old Car,35941,1,16173.45,64.51,0.2596690719340491,0.9888145156464188,Critical,3,9,0,0.34935546068034645,0.11111111111111116,0.5045454545454545,0,0.3333333333333333,Assign relationship manager and call within 24 hours
7539,Personal,85858,1,38636.1,67.19,0.30659230370082846,0.9887716822549648,Critical,4,8,0,0.40270899325161713,0.2222222222222222,0.24136363636363636,0,0.6666666666666666,Assign relationship manager and call within 24 hours
3108,Old Car,60030,0,27013.5,63.78,0.21337248396372485,0.9887309285917696,Critical,4,10,0,0.17883211678832114,0.0,0.22136363636363637,0,0.6666666666666666,Assign relationship manager and call within 24 hours
3870,Two Wheeler,29982,0,13491.9,64.16,0.30538751236368633,0.9885802761311663,Critical,4,7,0,0.34830119818206773,0.33333333333333337,0.17863636363636365,0,0.6666666666666666,Assign relationship manager and call within 24 hours
18559,Personal,31111,2,27999.9,64.81,0.3150092899800934,0.9885565105198098,Critical,5,10,0,0.27277372262773986,0.0,0.30227272727272725,0,1.0,Assign relationship manager and call within 24 hours
1385,Home,43094,1,19392.3,64.26,0.28455978737937204,0.9883660162234066,Critical,4,9,0,0.19138479548271867,0.11111111111111116,0.4536363636363636,0,0.6666666666666666,Assign relationship manager and call within 24 hours
15150,Personal,41720,1,18774.0,64.33,0.16382368235446373,0.9882858344213181,Critical,3,10,0,0.25533053298443986,0.0,0.23045454545454547,0,0.3333333333333333,Assign relationship manager and call within 24 hours
10766,Two Wheeler,87004,5,195759.0,65.14,0.21814930046922898,0.9881813902568475,Critical,4,9,0,0.2920596336592761,0.11111111111111116,0.02090909090909091,0,0.6666666666666666,Assign relationship manager and call within 24 hours
11286,Two Wheeler,40704,1,18316.8,64.61,0.13830583482532283,0.9880830094096656,Critical,3,10,0,0.1731958407932808,0.0,0.185,0,0.3333333333333333,Assign relationship manager and call within 24 hours
9384,Two Wheeler,43165,3,58272.75,65.88,0.2668647137954396,0.9879847175173905,Critical,3,8,0,0.3442225588761879,0.2222222222222222,0.43454545454545457,0,0.3333333333333333,Assign relationship manager and call within 24 hours
18969,Personal,31399,1,14129.55,66.72,0.32077756632570004,0.9879285734050236,Critical,4,7,0,0.41434237708304567,0.33333333333333337,0.18954545454545454,0,0.6666666666666666,Assign relationship manager and call within 24 hours
3331,New Car,43255,6,116788.5,66.74,0.21045609517569352,0.9879179238879013,Critical,4,9,0,0.2554117890097807,0.11111111111111116,0.019090909090909092,0,0.6666666666666666,Assign relationship manager and call within 24 hours
7782,Home,79123,8,284842.8,65.9,0.45506407554403755,0.9879035983239024,Critical,4,9,1,0.27072441812422815,0.11111111111111116,0.2268181818181818,1,0.6666666666666666,Escalate service recovery and close complaint loop
16784,Two Wheeler,51143,4,92057.4,65.38,0.29168997091142784,0.9878459540874692,Critical,4,10,0,0.29905591516319974,0.0,0.49272727272727274,0,0.6666666666666666,Assign relationship manager and call within 24 hours
4468,Personal,121104,1,54496.8,68.73,0.2831411136568828,0.9878298224587979,Critical,4,8,0,0.32090758848643436,0.2222222222222222,0.2059090909090909,0,0.6666666666666666,Assign relationship manager and call within 24 hours
9712,Personal,41131,4,74035.8,66.26,0.24080097490536856,0.9876999085272286,Critical,4,10,0,0.2696109351329034,0.0,0.2677272727272727,0,0.6666666666666666,Assign relationship manager and call within 24 hours
8478,Home,46738,0,21032.1,65.75,0.24465682858053067,0.9876784832157578,Critical,3,8,0,0.44545586007437044,0.2222222222222222,0.2222727272727273,0,0.3333333333333333,Assign relationship manager and call within 24 hours
17708,Personal,58344,1,26254.8,68.66,0.2023729207792012,0.9876526228675332,Critical,3,8,0,0.43630904834045053,0.2222222222222222,0.02,0,0.3333333333333333,Assign relationship manager and call within 24 hours
6629,New Car,115447,4,207804.6,63.65,0.18379527543719795,0.987620072025528,Critical,3,9,0,0.21316829637790904,0.11111111111111116,0.26136363636363635,0,0.3333333333333333,Assign relationship manager and call within 24 hours
4009,Old Car,65628,1,29532.6,64.51,0.3075003665633055,0.9875281158572836,Critical,4,9,0,0.30336041867511354,0.11111111111111116,0.45636363636363636,0,0.6666666666666666,Assign relationship manager and call within 24 hours
4133,New Car,43185,3,58299.75,66.62,0.27021256498325813,0.9874548773300618,Critical,4,9,0,0.3455577744112399,0.11111111111111116,0.22772727272727272,0,0.6666666666666666,Assign relationship manager and call within 24 hours
13264,Personal,80376,0,36169.2,64.92,0.3041014496987503,0.9874233665165193,Critical,4,8,0,0.435709268695772,0.2222222222222222,0.19590909090909092,0,0.6666666666666666,Assign relationship manager and call within 24 hours
17692,Home,48976,2,44078.4,65.68,0.3091475434693998,0.9874089101903089,Critical,3,9,0,0.37083872744800916,0.11111111111111116,0.7304545454545455,0,0.3333333333333333,Assign relationship manager and call within 24 hours
15148,Personal,27791,5,62529.75,66.78,0.2768355459289216,0.9872907120455937,Critical,4,8,0,0.2930161134829919,0.2222222222222222,0.20227272727272727,0,0.6666666666666666,Assign relationship manager and call within 24 hours
18827,Home,86195,1,38787.75,67.75,0.39213940256441326,0.9871557495589445,Critical,5,8,0,0.3030202451452985,0.2222222222222222,0.4354545454545454,0,1.0,Assign relationship manager and call within 24 hours
8451,Home,27122,2,24409.8,65.94,0.14464001118470232,0.987140076270601,Critical,3,10,0,0.35259399531745095,0.0,0.03727272727272727,0,0.3333333333333333,Assign relationship manager and call within 24 hours
8644,New Car,42014,4,75625.2,66.62,0.2953367652561977,0.9870548143541237,Critical,4,9,0,0.24708786668502886,0.11111111111111116,0.4518181818181818,0,0.6666666666666666,Assign relationship manager and call within 24 hours
906,New Car,74215,1,33396.75,64.99,0.3710908172761916,0.9870164653210961,Critical,4,10,1,0.15333287425974593,0.0,0.035454545454545454,1,0.6666666666666666,Escalate service recovery and close complaint loop
14752,Two Wheeler,134943,9,546519.15,67.41,0.45223372410233714,0.9869765311710539,Critical,4,9,1,0.25748175182481703,0.11111111111111116,0.2259090909090909,1,0.6666666666666666,Escalate service recovery and close complaint loop
3386,Old Car,94178,1,42380.1,66.1,0.3098132238234156,0.9868987498047789,Critical,4,7,0,0.3549752100261687,0.33333333333333337,0.1940909090909091,0,0.6666666666666666,Assign relationship manager and call within 24 hours
3796,Personal,44525,3,60108.75,66.58,0.21424029720145973,0.9868644483272635,Critical,4,9,0,0.27887825368406627,0.11111111111111116,0.014545454545454545,0,0.6666666666666666,Assign relationship manager and call within 24 hours
12889,Old Car,80978,0,36440.1,67.1,0.30791628862652143,0.9868440107261327,Critical,4,8,0,0.40205619060735465,0.2222222222222222,0.24863636363636366,0,0.6666666666666666,Assign relationship manager and call within 24 hours
7128,Old Car,30818,6,83208.6,66.52,0.22125552035991403,0.9868263459863917,Critical,4,10,0,0.16461093513290345,0.0,0.275,0,0.6666666666666666,Assign relationship manager and call within 24 hours
14760,New Car,140210,4,252378.0,63.56,0.24269576775884447,0.9868204613303063,Critical,4,10,0,0.2936303539457374,0.0,0.2531818181818182,0,0.6666666666666666,Assign relationship manager and call within 24 hours
16105,Two Wheeler,103401,1,46530.45,63.68,0.2478221215042594,0.9867483438494146,Critical,4,10,0,0.2719893954000848,0.0,0.3004545454545454,0,0.6666666666666666,Assign relationship manager and call within 24 hours
3580,New Car,32349,1,14557.05,66.38,0.2522067542245205,0.9866986455772695,Critical,3,7,0,0.30482164991048133,0.33333333333333337,0.28954545454545455,0,0.3333333333333333,Assign relationship manager and call within 24 hours
5613,Home,115980,1,52191.0,63.87,0.2531794727331154,0.9866505518941473,Critical,4,10,0,0.31513978790800146,0.0,0.28409090909090906,0,0.6666666666666666,Assign relationship manager and call within 24 hours
19604,Personal,33185,6,89599.5,66.83,0.23834055887340577,0.9866472929227557,Critical,4,9,0,0.20437956204379673,0.11111111111111116,0.20954545454545453,0,0.6666666666666666,Assign relationship manager and call within 24 hours
31,Two Wheeler,50271,0,22621.95,65.96,0.24577215064847677,0.9865461481835804,Critical,3,9,0,0.3025981269797576,0.11111111111111116,0.4818181818181818,0,0.3333333333333333,Assign relationship manager and call within 24 hours
16769,New Car,39235,1,17655.75,64.76,0.16814082430140861,0.9864894932858604,Critical,4,9,0,0.054744525547447145,0.11111111111111116,0.008181818181818182,0,0.6666666666666666,Assign relationship manager and call within 24 hours
16207,Old Car,74455,0,33504.75,65.1,0.31493014986666007,0.9864659263939238,Critical,4,7,0,0.29055984024239123,0.33333333333333337,0.28409090909090906,0,0.6666666666666666,Assign relationship manager and call within 24 hours
13016,Home,21854,0,9834.3,66.7,0.5280263494329053,0.9864575885261769,Critical,3,8,1,0.3568489188816982,0.2222222222222222,0.7277272727272728,1,0.3333333333333333,Escalate service recovery and close complaint loop
10906,Home,125463,2,112916.7,65.06,0.1956638009345625,0.9864280450517952,Critical,3,9,0,0.3506927420465498,0.11111111111111116,0.18318181818181817,0,0.3333333333333333,Assign relationship manager and call within 24 hours
13724,Personal,36352,1,16358.4,68.13,0.35096547349267376,0.9864128478890436,Critical,5,7,0,0.3933122159482172,0.33333333333333337,0.028181818181818183,0,1.0,Assign relationship manager and call within 24 hours
8905,Old Car,35952,2,32356.8,66.94,0.33384210372559125,0.9863397788679484,Critical,4,10,0,0.2566347610521988,0.0,0.7459090909090909,0,0.6666666666666666,Assign relationship manager and call within 24 hours
14263,New Car,39105,2,35194.5,65.53,0.24639256634656742,0.986165731751934,Critical,4,10,0,0.344841619611625,0.0,0.22045454545454546,0,0.6666666666666666,Assign relationship manager and call within 24 hours
16129,Home,44940,4,80892.0,66.04,0.29839574925678775,0.9861464425511632,Critical,4,8,0,0.3426353119405044,0.2222222222222222,0.2604545454545455,0,0.6666666666666666,Assign relationship manager and call within 24 hours
18635,Personal,40382,5,90859.5,63.65,0.15067620705053603,0.9861413180900156,Critical,3,10,0,0.2286840655557105,0.0,0.19136363636363635,0,0.3333333333333333,Assign relationship manager and call within 24 hours
10593,Two Wheeler,103041,0,46368.45,62.41,0.1541081660844777,0.9860092620284878,Critical,3,10,0,0.2485711334526915,0.0,0.18863636363636363,0,0.3333333333333333,Assign relationship manager and call within 24 hours
14742,Two Wheeler,113064,1,50878.8,62.82,0.2817027818468392,0.9860038548943281,Critical,4,8,0,0.28735229307257987,0.2222222222222222,0.23227272727272727,0,0.6666666666666666,Assign relationship manager and call within 24 hours
7142,Personal,51942,1,23373.9,63.47,0.5026376629537349,0.9859620627180959,Critical,4,9,1,0.28450144608180583,0.11111111111111116,0.4509090909090909,1,0.6666666666666666,Escalate service recovery and close complaint loop
13685,Two Wheeler,127904,3,172670.4,65.53,0.2649474138158891,0.9858776059485214,Critical,4,8,0,0.25721181655419323,0.2222222222222222,0.17863636363636365,0,0.6666666666666666,Assign relationship manager and call within 24 hours
17095,Old Car,36715,7,115652.25,66.99,0.21885431090967536,0.9856220889239782,Critical,4,10,0,0.233513978790801,0.0,0.1940909090909091,0,0.6666666666666666,Assign relationship manager and call within 24 hours
8428,Old Car,24273,0,10922.85,68.51,0.25492839286683094,0.9855863007786142,Critical,3,7,0,0.4193389340311243,0.33333333333333337,0.18863636363636363,0,0.3333333333333333,Assign relationship manager and call within 24 hours
15833,Home,98138,1,44162.1,66.43,0.3288873433411375,0.9855273603061812,Critical,4,7,0,0.3394367167056873,0.33333333333333337,0.305,0,0.6666666666666666,Assign relationship manager and call within 24 hours
2188,Home,47574,4,85633.2,66.09,0.31114025950178037,0.9855169355031639,Critical,4,10,0,0.3735800853876897,0.0,0.5154545454545454,0,0.6666666666666666,Assign relationship manager and call within 24 hours
1569,Old Car,27731,2,24957.9,64.42,0.19970234920475943,0.9855137510469885,Critical,3,10,0,0.19972386723591842,0.0,0.46545454545454545,0,0.3333333333333333,Assign relationship manager and call within 24 hours
1461,Personal,47340,5,106515.0,67.73,0.49899326135615923,0.9855071794694428,Critical,4,9,1,0.27627943809392763,0.11111111111111116,0.4409090909090909,1,0.6666666666666666,Escalate service recovery and close complaint loop
7642,Home,114071,3,153995.85,67.54,0.3789908435685878,0.9855009942776698,Critical,4,10,1,0.20737846026718137,0.0,0.02090909090909091,1,0.6666666666666666,Escalate service recovery and close complaint loop
9058,Personal,31989,1,14395.05,65.52,0.2706592588882911,0.985350258576942,Critical,3,7,0,0.3989023550475164,0.33333333333333337,0.2877272727272727,0,0.3333333333333333,Assign relationship manager and call within 24 hours
7328,Two Wheeler,31603,1,14221.35,66.17,0.30671359928996644,0.9853341039888986,Critical,4,8,0,0.3796791075609435,0.2222222222222222,0.265,0,0.6666666666666666,Assign relationship manager and call within 24 hours
5825,Old Car,71632,3,96703.2,66.9,0.28647755617043574,0.9853295164120655,Critical,4,8,0,0.24304434650874468,0.2222222222222222,0.3004545454545454,0,0.6666666666666666,Assign relationship manager and call within 24 hours
2087,New Car,141519,1,63683.55,63.92,0.18870559471592413,0.9851178164009335,Critical,3,8,0,0.35524514529679246,0.2222222222222222,0.03272727272727273,0,0.3333333333333333,Assign relationship manager and call within 24 hours
4115,Home,55985,5,125966.25,65.07,0.24134242299040531,0.9850937277355469,Critical,4,10,0,0.32504544828536003,0.0,0.215,0,0.6666666666666666,Assign relationship manager and call within 24 hours
5255,Home,130212,0,58595.4,68.7,0.24383167440831696,0.9850488710679798,Critical,4,10,0,0.31021897810219107,0.0,0.24227272727272728,0,0.6666666666666666,Assign relationship manager and call within 24 hours
1699,Two Wheeler,122342,3,165161.7,65.5,0.21841410107131126,0.9850351358587297,Critical,4,10,0,0.21313111141716223,0.0,0.21227272727272728,0,0.6666666666666666,Assign relationship manager and call within 24 hours
15627,Home,101578,5,228550.5,65.18,0.20955164786551653,0.985034075215904,Critical,4,10,0,0.17518248175182521,0.0,0.2059090909090909,0,0.6666666666666666,Assign relationship manager and call within 24 hours
6447,Home,46085,4,82953.0,66.15,0.25696950916686545,0.9850022869342638,Critical,4,10,0,0.316817242804024,0.0,0.3013636363636364,0,0.6666666666666666,Assign relationship manager and call within 24 hours
17246,Home,94382,4,169887.6,66.44,0.21912973002299538,0.9849834858166208,Critical,4,10,0,0.3908001652664921,0.0,0.038181818181818185,0,0.6666666666666666,Assign relationship manager and call within 24 hours
18152,Home,99152,6,267710.4,66.44,0.25204504485705415,0.9848326203377337,Critical,4,9,0,0.286538355598402,0.11111111111111116,0.19590909090909092,0,0.6666666666666666,Assign relationship manager and call within 24 hours
4817,New Car,119608,0,53823.6,65.65,0.26789455218762515,0.9847850651161318,Critical,4,9,0,0.3194222558876204,0.11111111111111116,0.24227272727272728,0,0.6666666666666666,Assign relationship manager and call within 24 hours
280,Old Car,26493,4,47687.4,66.79,0.19992528786000788,0.9847378784852892,Critical,4,10,0,0.31205068172428185,0.0,0.02090909090909091,0,0.6666666666666666,Assign relationship manager and call within 24 hours
1377,Two Wheeler,71557,0,32200.65,64.32,0.16041884344060395,0.9847038732375903,Critical,3,9,0,0.3176497727585753,0.11111111111111116,0.04,0,0.3333333333333333,Assign relationship manager and call within 24 hours
11691,Home,32190,3,43456.5,64.99,0.1703459411634594,0.9845751586335156,Critical,4,10,0,0.1423357664233577,0.0,0.042727272727272725,0,0.6666666666666666,Assign relationship manager and call within 24 hours
4725,Old Car,50505,2,45454.5,67.36,0.3398227252555858,0.9844594850861581,Critical,4,8,0,0.32840655557085874,0.2222222222222222,0.4818181818181818,0,0.6666666666666666,Assign relationship manager and call within 24 hours
1765,Home,38362,3,51788.7,68.73,0.26287911479482917,0.9844327340071581,Critical,4,9,0,0.3297996143781864,0.11111111111111116,0.20681818181818182,0,0.6666666666666666,Assign relationship manager and call within 24 hours
1559,Personal,33153,1,14918.85,64.6,0.31222582664546605,0.9844259979232952,Critical,4,7,0,0.32249276959096657,0.33333333333333337,0.23863636363636365,0,0.6666666666666666,Assign relationship manager and call within 24 hours
11438,New Car,125736,1,56581.2,63.75,0.26475005668863244,0.9843754855795542,Critical,4,9,0,0.3146088693017481,0.11111111111111116,0.23136363636363638,0,0.6666666666666666,Assign relationship manager and call within 24 hours
5042,Personal,122657,1,55195.65,64.84,0.20632382911889913,0.9843711120735278,Critical,3,8,0,0.2383363173116674,0.2222222222222222,0.23772727272727273,0,0.3333333333333333,Assign relationship manager and call within 24 hours
17936,New Car,26900,6,72630.0,65.65,0.24462317431302444,0.9842721242057039,Critical,3,8,0,0.3971057705550213,0.2222222222222222,0.27045454545454545,0,0.3333333333333333,Assign relationship manager and call within 24 hours
1259,Home,165117,0,74302.65,64.22,0.12590327319469363,0.9842239992288386,Critical,3,10,0,0.2961830326401349,0.0,0.0,0,0.3333333333333333,Assign relationship manager and call within 24 hours
13261,Personal,99863,9,404445.15,65.48,0.18663990267639918,0.9841753856009738,Critical,4,10,0,0.2565328467153293,0.0,0.01,0,0.6666666666666666,Assign relationship manager and call within 24 hours
9753,Home,29147,6,78696.9,69.26,0.31133367416069563,0.9841497153673344,Critical,4,8,0,0.22596130009640747,0.2222222222222222,0.4418181818181818,0,0.6666666666666666,Assign relationship manager and call within 24 hours
6952,New Car,35400,1,15930.0,66.7,0.35400255829191235,0.9840458312201485,Critical,5,7,0,0.392134003580774,0.33333333333333337,0.04454545454545455,0,1.0,Assign relationship manager and call within 24 hours
15031,Personal,45966,3,62054.1,65.02,0.15515946129800967,0.9840231376093256,Critical,3,10,0,0.22655488224762413,0.0,0.2159090909090909,0,0.3333333333333333,Assign relationship manager and call within 24 hours
5209,Home,132339,3,178657.65,65.37,0.2130924810701705,0.9840191119090593,Critical,3,8,0,0.24127048615893348,0.2222222222222222,0.2686363636363637,0,0.3333333333333333,Assign relationship manager and call within 24 hours
16770,Home,122460,7,385749.0,65.77,0.38216138106029307,0.9840135159677605,Critical,4,10,1,0.23686751136207163,0.0,0.007272727272727273,1,0.6666666666666666,Escalate service recovery and close complaint loop
4631,Home,96893,1,43601.85,69.45,0.23194915133986957,0.9838816244853054,Critical,3,7,0,0.290806362759954,0.33333333333333337,0.20227272727272727,0,0.3333333333333333,Assign relationship manager and call within 24 hours
6281,Two Wheeler,118829,3,160419.15,66.18,0.18814639439429462,0.9838487593981814,Critical,4,10,0,0.23588348712298818,0.0,0.038181818181818185,0,0.6666666666666666,Assign relationship manager and call within 24 hours
8261,Personal,34417,0,15487.65,67.11,0.1382643943915117,0.9838122029540364,Critical,3,9,0,0.2041502547858413,0.11111111111111116,0.042727272727272725,0,0.3333333333333333,Assign relationship manager and call within 24 hours
19263,Home,96057,1,43225.65,65.83,0.2582697961574148,0.9837841606376526,Critical,4,8,0,0.3897328191709125,0.2222222222222222,0.012727272727272728,0,0.6666666666666666,Assign relationship manager and call within 24 hours
7191,Personal,58211,1,26194.95,66.14,0.3095947952184006,0.9837692635307693,Critical,4,8,0,0.42226690538493256,0.2222222222222222,0.23681818181818182,0,0.6666666666666666,Assign relationship manager and call within 24 hours
11844,New Car,94240,0,42408.0,65.39,0.322899112318614,0.9837640859931847,Critical,4,7,0,0.35222283432034274,0.33333333333333337,0.26227272727272727,0,0.6666666666666666,Assign relationship manager and call within 24 hours
13985,Home,112240,2,101016.0,65.98,0.25264493718343084,0.9837205093501629,Critical,4,9,0,0.21044690813937625,0.11111111111111116,0.275,0,0.6666666666666666,Assign relationship manager and call within 24 hours
13897,Two Wheeler,33171,2,29853.9,65.93,0.26690157601354425,0.9836963524765714,Critical,4,9,0,0.3544573750172161,0.11111111111111116,0.20227272727272727,0,0.6666666666666666,Assign relationship manager and call within 24 hours
7088,Personal,60459,2,54413.1,64.67,0.2247491774931527,0.9836825544858347,Critical,3,8,0,0.2631903319102081,0.2222222222222222,0.305,0,0.3333333333333333,Assign relationship manager and call within 24 hours
3470,Home,34414,2,30972.6,65.27,0.2504411418968647,0.9836190921077276,Critical,3,9,0,0.35321581049442446,0.11111111111111116,0.4545454545454546,0,0.3333333333333333,Assign relationship manager and call within 24 hours
3299,Home,103323,1,46495.35,65.31,0.24308848852107373,0.9835602661374315,Critical,3,7,0,0.2928666850296111,0.33333333333333337,0.2559090909090909,0,0.3333333333333333,Assign relationship manager and call within 24 hours
8529,New Car,132168,0,59475.6,64.2,0.2071332356758604,0.9835239503824607,Critical,4,10,0,0.36354496625809,0.0,0.005454545454545455,0,0.6666666666666666,Assign relationship manager and call within 24 hours
853,Personal,99414,3,134208.9,66.71,0.1817297712005054,0.9835171880444792,Critical,3,8,0,0.3276387549924259,0.2222222222222222,0.025454545454545455,0,0.3333333333333333,Assign relationship manager and call within 24 hours
13509,Old Car,148619,3,200635.65,66.76,0.4066115054970586,0.9834428814700383,Critical,3,8,1,0.2906837901115557,0.2222222222222222,0.18681818181818183,1,0.3333333333333333,Escalate service recovery and close complaint loop
19652,Old Car,70587,1,31764.15,66.38,0.2688074881858106,0.9834012855937656,Critical,4,8,0,0.44151218840380047,0.2222222222222222,0.013636363636363636,0,0.6666666666666666,Assign relationship manager and call within 24 hours
12213,Personal,40732,1,18329.4,66.12,0.20842023318156078,0.9831762790252809,Critical,3,9,0,0.377202176008814,0.11111111111111116,0.22045454545454546,0,0.3333333333333333,Assign relationship manager and call within 24 hours
11584,Home,121439,1,54647.55,66.44,0.3019990345543305,0.9830964118164642,Critical,4,8,0,0.4133790111554911,0.2222222222222222,0.20772727272727273,0,0.6666666666666666,Assign relationship manager and call within 24 hours
2527,Personal,113270,6,305829.0,65.12,0.37638840964388437,0.9830744908263251,Critical,4,10,1,0.2007299270073008,0.0,0.014545454545454545,1,0.6666666666666666,Escalate service recovery and close complaint loop
801,Home,75003,5,168756.75,66.79,0.21007212602543862,0.9830346762689524,Critical,4,9,0,0.2534919432585061,0.11111111111111116,0.019090909090909092,0,0.6666666666666666,Assign relationship manager and call within 24 hours
14377,Two Wheeler,94045,1,42320.25,64.84,0.19342163683383937,0.9828597649367286,Critical,3,8,0,0.3879162649772777,0.2222222222222222,0.023636363636363636,0,0.3333333333333333,Assign relationship manager and call within 24 hours
10932,Home,102191,1,45985.95,66.18,0.3856359657725863,0.982849894810249,Critical,5,8,0,0.26777578845889105,0.2222222222222222,0.4381818181818182,0,1.0,Assign relationship manager and call within 24 hours
18320,New Car,129828,2,116845.2,68.05,0.18448085732688443,0.9828456475840187,Critical,3,8,0,0.33321236744250304,0.2222222222222222,0.03363636363636364,0,0.3333333333333333,Assign relationship manager and call within 24 hours
4940,Two Wheeler,22693,6,61271.1,66.55,0.2671694788401856,0.9828132830786249,Critical,3,9,0,0.35958476793830196,0.11111111111111116,0.5318181818181817,0,0.3333333333333333,Assign relationship manager and call within 24 hours
2896,New Car,76879,0,34595.55,67.85,0.3792722681991383,0.9828051979935875,Critical,5,7,0,0.38166437129872166,0.33333333333333337,0.18136363636363637,0,1.0,Assign relationship manager and call within 24 hours
9896,New Car,132413,2,119171.7,64.47,0.21635858516301987,0.9826707615776192,Critical,3,8,0,0.3266919157140894,0.2222222222222222,0.19954545454545453,0,0.3333333333333333,Assign relationship manager and call within 24 hours
8715,Home,22213,2,19991.7,67.47,0.29063453429766656,0.9826358029371304,Critical,4,8,0,0.3747383280539893,0.2222222222222222,0.18954545454545454,0,0.6666666666666666,Assign relationship manager and call within 24 hours
18138,Home,20232,1,9104.4,63.16,0.1791995133819951,0.9826196088035188,Critical,3,10,0,0.3576642335766423,0.0,0.20500000000000002,0,0.3333333333333333,Assign relationship manager and call within 24 hours
17255,New Car,57761,2,51984.9,67.47,0.26102961720218343,0.9825035756960673,Critical,3,8,0,0.29322889409172515,0.2222222222222222,0.45636363636363636,0,0.3333333333333333,Assign relationship manager and call within 24 hours
18741,Personal,35581,3,48034.35,67.97,0.23495479655388735,0.9824199089798884,Critical,3,8,0,0.44421842721388133,0.2222222222222222,0.175,0,0.3333333333333333,Assign relationship manager and call within 24 hours
9835,Personal,94144,0,42364.8,67.54,0.3872991740848786,0.9823361717788357,Critical,5,7,0,0.4099807189092414,0.33333333333333337,0.19318181818181818,0,1.0,Assign relationship manager and call within 24 hours
16072,Personal,45304,3,61160.4,65.53,0.17626791256456578,0.9823346991069022,Critical,3,9,0,0.20644057292383905,0.11111111111111116,0.23045454545454547,0,0.3333333333333333,Assign relationship manager and call within 24 hours
13371,Personal,35639,7,112262.85,65.45,0.17913468384436584,0.9823314800121643,Critical,3,10,0,0.11597644952485944,0.0,0.44636363636363635,0,0.3333333333333333,Assign relationship manager and call within 24 hours
5136,Two Wheeler,54503,5,122631.75,66.27,0.23658615350586132,0.9822387346434377,Critical,4,10,0,0.32762773722627647,0.0,0.18863636363636363,0,0.6666666666666666,Assign relationship manager and call within 24 hours
15605,New Car,54832,0,24674.4,64.66,0.2304799280506485,0.9822366748484473,Critical,3,10,0,0.3436117614653639,0.0,0.47545454545454546,0,0.3333333333333333,Assign relationship manager and call within 24 hours
14779,Home,89087,1,40089.15,65.27,0.23750832940338573,0.9822310557765259,Critical,4,9,0,0.2393093237846054,0.11111111111111116,0.17045454545454547,0,0.6666666666666666,Assign relationship manager and call within 24 hours
18718,Home,131590,2,118431.0,67.44,0.24794649845097422,0.9822041782640504,Critical,4,9,0,0.24877289629527521,0.11111111111111116,0.2131818181818182,0,0.6666666666666666,Assign relationship manager and call within 24 hours
2050,Personal,69689,9,282240.45,66.3,0.2964043492353642,0.9822023104970015,Critical,4,9,0,0.2687894229444975,0.11111111111111116,0.4354545454545454,0,0.6666666666666666,Assign relationship manager and call within 24 hours
3171,New Car,55399,0,24929.55,64.58,0.24689068066702044,0.9821574128600544,Critical,3,8,0,0.44662512050681946,0.2222222222222222,0.23227272727272727,0,0.3333333333333333,Assign relationship manager and call within 24 hours
17978,New Car,134090,2,120681.0,65.92,0.21137017885785309,0.9819683737538221,Critical,3,8,0,0.2808407932791645,0.2222222222222222,0.22045454545454546,0,0.3333333333333333,Assign relationship manager and call within 24 hours
2336,Two Wheeler,143412,7,451747.8,65.97,0.44260482249850097,0.9818519895652198,Critical,4,9,1,0.40160997107836344,0.11111111111111116,0.03363636363636364,1,0.6666666666666666,Escalate service recovery and close complaint loop
1693,Home,102805,1,46262.25,65.91,0.3585775479627572,0.9816970941659937,Critical,5,7,0,0.2600089519349982,0.33333333333333337,0.19954545454545453,0,1.0,Assign relationship manager and call within 24 hours
9561,Two Wheeler,99691,4,179443.8,65.88,0.23755201095099227,0.9815903136827817,Critical,4,10,0,0.23700247899738555,0.0,0.28409090909090906,0,0.6666666666666666,Assign relationship manager and call within 24 hours
14490,Old Car,122941,4,221293.8,65.68,0.1505130536879609,0.9815604797569023,Critical,2,9,0,0.39281779369232966,0.11111111111111116,0.24863636363636366,0,0.0,Assign relationship manager and call within 24 hours
9621,Personal,34350,4,61830.0,66.02,0.5601369819945778,0.981558459828875,Critical,4,8,1,0.37088693017490965,0.2222222222222222,0.5409090909090909,1,0.6666666666666666,Escalate service recovery and close complaint loop
14345,Old Car,148639,1,66887.55,66.2,0.21046053566932219,0.9815098392144604,Critical,3,9,0,0.4292218702658028,0.11111111111111116,0.17863636363636365,0,0.3333333333333333,Assign relationship manager and call within 24 hours
3118,Personal,67471,10,303619.5,66.3,0.13760323939018404,0.9814515353667566,Critical,3,10,0,0.08241013634485964,0.0,0.2722727272727273,0,0.3333333333333333,Assign relationship manager and call within 24 hours
852,Home,91231,5,205269.75,67.56,0.28163206642933974,0.9814022341227077,Critical,4,9,0,0.3826552816416481,0.11111111111111116,0.24772727272727274,0,0.6666666666666666,Assign relationship manager and call within 24 hours
17694,New Car,33011,7,103984.65,65.55,0.2856164148022023,0.9813455345053917,Critical,4,10,0,0.28414268007161736,0.0,0.4772727272727273,0,0.6666666666666666,Assign relationship manager and call within 24 hours
12921,New Car,70648,3,95374.8,67.57,0.23725189924308535,0.9813402530359995,Critical,3,9,0,0.28272414268007323,0.11111111111111116,0.4590909090909091,0,0.3333333333333333,Assign relationship manager and call within 24 hours
10542,Home,78200,3,105570.0,66.41,0.28115065264962025,0.9812229286030253,Critical,4,9,0,0.3429754854703235,0.11111111111111116,0.28500000000000003,0,0.6666666666666666,Assign relationship manager and call within 24 hours
7866,Two Wheeler,74422,1,33489.9,65.55,0.1735914342432731,0.9811141642387418,Critical,3,9,0,0.4126036358628303,0.11111111111111116,0.01090909090909091,0,0.3333333333333333,Assign relationship manager and call within 24 hours
15494,Home,131270,6,354429.0,64.26,0.15188175099013806,0.9810814718247469,Critical,3,10,0,0.24743905798099342,0.0,0.17863636363636365,0,0.3333333333333333,Assign relationship manager and call within 24 hours
16016,Home,98117,5,220763.25,66.86,0.2741060181765317,0.9810538618353601,Critical,4,9,0,0.3532068585594262,0.11111111111111116,0.23954545454545456,0,0.6666666666666666,Assign relationship manager and call within 24 hours
14390,Home,74896,0,33703.2,67.37,0.3066319440097156,0.9810487574853256,Critical,4,7,0,0.30543244732130526,0.33333333333333337,0.22772727272727272,0,0.6666666666666666,Assign relationship manager and call within 24 hours
5219,New Car,32333,5,72749.25,66.94,0.19391805953767155,0.9810003572596504,Critical,3,10,0,0.39943878253684256,0.0,0.23681818181818182,0,0.3333333333333333,Assign relationship manager and call within 24 hours
7112,Home,141298,1,63584.1,63.11,0.37974504583084695,0.980990688888639,Critical,3,8,1,0.3331696735986793,0.2222222222222222,0.01,1,0.3333333333333333,Escalate service recovery and close complaint loop
4801,Home,60456,6,163231.2,66.38,0.2222953623829537,0.980979247378959,Critical,4,8,0,0.21167883211678862,0.2222222222222222,0.01090909090909091,0,0.6666666666666666,Assign relationship manager and call within 24 hours
675,Old Car,138366,9,560382.3,66.67,0.37178565854106405,0.9809733281270206,Critical,3,10,1,0.27059495937198685,0.0,0.255,1,0.3333333333333333,Escalate service recovery and close complaint loop
9241,Personal,22420,0,10089.0,67.27,0.3584552952747422,0.9809260035481089,Critical,4,8,0,0.36611486021209483,0.2222222222222222,0.5372727272727273,0,0.6666666666666666,Assign relationship manager and call within 24 hours
14775,New Car,120021,4,216037.8,66.72,0.28564084308169135,0.9809091434110433,Critical,4,9,0,0.39906280126704263,0.11111111111111116,0.25136363636363634,0,0.6666666666666666,Assign relationship manager and call within 24 hours
11978,Home,108664,8,391190.4,64.67,0.3803295981436738,0.9809066447563564,Critical,3,10,1,0.3005873846577629,0.0,0.2677272727272727,1,0.3333333333333333,Escalate service recovery and close complaint loop
17193,Personal,37963,4,68333.4,65.36,0.21335471781581186,0.9808300368106632,Critical,4,10,0,0.20874328604875642,0.0,0.19136363636363635,0,0.6666666666666666,Assign relationship manager and call within 24 hours
5270,Home,130930,6,353511.0,64.97,0.2649672819643902,0.9807613914068192,Critical,4,9,0,0.32933135931690033,0.11111111111111116,0.2177272727272727,0,0.6666666666666666,Assign relationship manager and call within 24 hours
16176,New Car,176002,6,475205.4,68.16,0.41885795150235355,0.9807573835067523,Critical,3,9,1,0.4230271312491414,0.11111111111111116,0.2268181818181818,1,0.3333333333333333,Escalate service recovery and close complaint loop
14086,Two Wheeler,36025,6,97267.5,67.92,0.34676391792877104,0.9807564739445812,Critical,4,8,0,0.3531125189367847,0.2222222222222222,0.4918181818181818,0,0.6666666666666666,Assign relationship manager and call within 24 hours
11288,New Car,148245,8,533682.0,65.24,0.34570362765515006,0.9807284110247437,Critical,3,9,1,0.2749827847403967,0.11111111111111116,0.00909090909090909,1,0.3333333333333333,Escalate service recovery and close complaint loop
8185,Two Wheeler,160396,0,72178.2,65.6,0.3099235767675375,0.980724389896179,Critical,4,7,0,0.33916333838314205,0.33333333333333337,0.21045454545454545,0,0.6666666666666666,Assign relationship manager and call within 24 hours
3594,Personal,30267,0,13620.15,69.19,0.3114761761674033,0.9806915066900342,Critical,3,7,0,0.4398051232612592,0.33333333333333337,0.4509090909090909,0,0.3333333333333333,Assign relationship manager and call within 24 hours
3318,New Car,44701,1,20115.45,68.95,0.2541035628283947,0.9806606573884147,Critical,3,7,0,0.38066932929348873,0.33333333333333337,0.22318181818181818,0,0.3333333333333333,Assign relationship manager and call within 24 hours
15885,New Car,46656,0,20995.2,66.18,0.3224528274064154,0.9805874857572955,Critical,4,9,0,0.3990318137997536,0.11111111111111116,0.4354545454545454,0,0.6666666666666666,Assign relationship manager and call within 24 hours
1728,New Car,141445,0,63650.25,62.35,0.19694341709339652,0.9805667404599635,Critical,4,10,0,0.288959509709407,0.0,0.02909090909090909,0,0.6666666666666666,Assign relationship manager and call within 24 hours
14698,Home,162057,1,72925.65,65.94,0.2502429139209198,0.9804540424660477,Critical,4,9,0,0.27389133728136694,0.11111111111111116,0.19954545454545453,0,0.6666666666666666,Assign relationship manager and call within 24 hours
5614,New Car,107163,0,48223.35,65.65,0.2674217161283686,0.9804356382044456,Critical,4,8,0,0.4400378735711361,0.2222222222222222,0.008181818181818182,0,0.6666666666666666,Assign relationship manager and call within 24 hours
8153,Home,75142,7,236697.3,66.7,0.2633459787240257,0.9803675114908021,Critical,4,10,0,0.19097231786255292,0.0,0.4590909090909091,0,0.6666666666666666,Assign relationship manager and call within 24 hours
2714,Home,144142,2,129727.8,65.79,0.1870289021602891,0.9803484351183155,Critical,3,9,0,0.3175182481751829,0.11111111111111116,0.1731818181818182,0,0.3333333333333333,Assign relationship manager and call within 24 hours
16847,Home,96998,1,43649.1,64.27,0.31832410873644895,0.9803447419964646,Critical,4,8,0,0.40318620024790147,0.2222222222222222,0.29954545454545456,0,0.6666666666666666,Assign relationship manager and call within 24 hours
19107,New Car,61486,1,27668.7,65.58,0.21331621545297366,0.9803267171739236,Critical,3,9,0,0.36804572372951483,0.11111111111111116,0.2540909090909091,0,0.3333333333333333,Assign relationship manager and call within 24 hours
16505,Old Car,54369,0,24466.05,65.41,0.31078560289578094,0.9803051519380164,Critical,4,8,0,0.3709482164991067,0.2222222222222222,0.29409090909090907,0,0.6666666666666666,Assign relationship manager and call within 24 hours
13223,New Car,26230,2,23607.0,68.44,0.33763008963064045,0.9802063483356703,Critical,4,8,0,0.3610797410824952,0.2222222222222222,0.4381818181818182,0,0.6666666666666666,Assign relationship manager and call within 24 hours
16762,Two Wheeler,35002,0,15750.9,65.86,0.5209080517334199,0.9801932262380021,Critical,4,7,1,0.3877220768489179,0.33333333333333337,0.2168181818181818,1,0.6666666666666666,Escalate service recovery and close complaint loop
